id,first_name,last_name,email,gender,ip_address
1,Ira,Hatch,ihatch0@soundcloud.com,Male,103.160.194.162
2,Roi,Aspinal,raspinal1@nymag.com,Male,254.252.22.167
3,Nolan,Gammel,ngammel2@slashdot.org,Non-binary,182.44.165.24
4,Nita,Covil,ncovil3@sitemeter.com,Bigender,152.198.130.88
5,Jemimah,Tomicki,jtomicki4@wisc.edu,Female,66.17.65.248
6,Marcelle,Schreurs,mschreurs5@weather.com,Female,254.76.219.202
7,Chrissy,Grose,cgrose6@phoca.cz,Male,141.42.52.140
8,Dorotea,Chaimson,dchaimson7@weibo.com,Female,197.42.78.75
9,Gweneth,Borghese,gborghese8@wordpress.com,Female,199.228.46.53
10,Kristos,Skipper,kskipper9@goo.gl,Male,18.44.101.62
11,Baird,Worthy,bworthya@opensource.org,Male,192.92.116.69
12,Marilin,Moakson,mmoaksonb@who.int,Female,45.165.84.27
13,Cecily,O'Grada,cogradac@icio.us,Female,3.189.251.94
14,Beverie,Goshawk,bgoshawkd@canalblog.com,Female,12.44.192.140
15,Scarlett,Skip,sskipe@jalbum.net,Female,16.113.237.245
16,Debbie,Halsho,dhalshof@walmart.com,Female,224.237.31.101
17,Kris,Knowles,kknowlesg@archive.org,Female,212.86.185.214
18,Eustace,Bandey,ebandeyh@mashable.com,Male,136.126.51.94
19,Godwin,Dimock,gdimocki@desdev.cn,Male,68.77.62.197
20,Bryanty,Lorden,blordenj@github.io,Agender,181.42.233.166
21,Kipp,Bosket,kbosketk@miibeian.gov.cn,Female,100.66.195.11
22,Gorden,Beggan,gbegganl@bigcartel.com,Genderqueer,83.131.154.72
23,Armand,MacClancey,amacclanceym@sina.com.cn,Male,89.37.105.223
24,Baird,Commuzzo,bcommuzzon@xing.com,Male,35.198.171.41
25,Brandy,Copestake,bcopestakeo@mlb.com,Polygender,149.89.8.35
26,Mureil,Anning,manningp@nsw.gov.au,Female,216.132.159.190
27,Rita,Olley,rolleyq@gmpg.org,Female,60.195.8.94
28,Farlee,Mila,fmilar@flavors.me,Male,198.7.203.138
29,Berky,MacKinnon,bmackinnons@census.gov,Male,159.227.164.244
30,Donaugh,Grahl,dgrahlt@hibu.com,Polygender,160.237.141.219
31,Barnabas,Bogeys,bbogeysu@angelfire.com,Male,6.207.149.179
32,Agata,Tante,atantev@ning.com,Female,191.152.101.191
33,Brynne,Wreight,bwreightw@nps.gov,Female,219.121.87.35
34,Brose,Beazey,bbeazeyx@hostgator.com,Male,127.42.81.201
35,Mechelle,Rugieri,mrugieriy@topsy.com,Agender,7.143.97.42
36,Dora,Fay,dfayz@ebay.com,Female,165.140.157.127
37,Denys,Fabbri,dfabbri10@mtv.com,Male,213.108.56.7
38,Dorothy,Dautry,ddautry11@dailymail.co.uk,Genderqueer,54.24.207.71
39,Francesco,Andrick,fandrick12@seesaa.net,Male,60.212.21.39
40,Douglas,Emney,demney13@gov.uk,Male,14.23.40.113
41,Inge,Gorges,igorges14@fda.gov,Female,69.232.99.231
42,Graeme,Drinkeld,gdrinkeld15@geocities.com,Agender,167.159.4.52
43,Nickolai,Ambridge,nambridge16@barnesandnoble.com,Male,204.22.84.3
44,Cedric,Danby,cdanby17@theatlantic.com,Male,191.26.15.182
45,Caril,Riggert,criggert18@ucoz.ru,Agender,176.70.168.85
46,Bibby,Piperley,bpiperley19@tiny.cc,Female,225.49.180.138
47,Hans,Compston,hcompston1a@google.com.br,Male,77.193.246.83
48,Darrelle,Aveyard,daveyard1b@forbes.com,Female,56.161.247.150
49,Odilia,Pendrid,opendrid1c@simplemachines.org,Female,80.165.10.173
50,Swen,Biggar,sbiggar1d@reuters.com,Male,129.94.216.189
51,Binni,Cranson,bcranson1e@vinaora.com,Non-binary,229.217.185.17
52,Kayne,Simkin,ksimkin1f@guardian.co.uk,Male,83.55.221.16
53,Warner,Orneles,worneles1g@nifty.com,Male,86.161.157.186
54,Pippo,Fransman,pfransman1h@hexun.com,Male,128.232.17.26
55,Martie,Hurlin,mhurlin1i@jimdo.com,Male,50.171.238.48
56,Selby,Sore,ssore1j@oracle.com,Bigender,236.239.120.137
57,Dewie,Bingell,dbingell1k@webeden.co.uk,Male,244.166.187.236
58,Abra,Staddart,astaddart1l@state.gov,Female,197.82.163.36
59,Jeniece,Dincke,jdincke1m@kickstarter.com,Female,225.217.97.134
60,Pamelina,Norrey,pnorrey1n@vistaprint.com,Female,210.254.33.56
61,Ryun,Strugnell,rstrugnell1o@de.vu,Male,167.71.7.48
62,Allister,Guihen,aguihen1p@google.com.hk,Male,255.227.205.195
63,Mirelle,Van Salzberger,mvansalzberger1q@amazon.co.uk,Female,2.88.42.119
64,Guglielmo,Jagielski,gjagielski1r@godaddy.com,Male,62.18.179.19
65,Clari,Maro,cmaro1s@oracle.com,Female,238.74.172.143
66,Afton,Epple,aepple1t@spiegel.de,Female,168.118.110.139
67,Ibbie,Dominicacci,idominicacci1u@google.com,Genderqueer,24.223.199.74
68,Francoise,Giorgeschi,fgiorgeschi1v@baidu.com,Female,187.183.188.31
69,Tod,Randlesome,trandlesome1w@hp.com,Male,215.136.139.143
70,Issy,Kynman,ikynman1x@mozilla.com,Female,166.2.250.33
71,Rorke,Crose,rcrose1y@sphinn.com,Male,254.24.246.244
72,Tobe,Snedker,tsnedker1z@tinyurl.com,Female,207.169.102.152
73,Lemmy,Di Ruggero,ldiruggero20@ustream.tv,Male,77.65.31.92
74,Torrey,Fawkes,tfawkes21@cyberchimps.com,Male,195.65.59.121
75,Harry,Beeton,hbeeton22@time.com,Male,118.255.210.143
76,Anthony,Aglione,aaglione23@friendfeed.com,Male,251.87.242.100
77,Reinaldos,Pawlowicz,rpawlowicz24@twitpic.com,Male,158.169.194.249
78,Philippa,Jori,pjori25@ted.com,Female,201.179.7.163
79,Anselma,Cossons,acossons26@creativecommons.org,Female,26.236.28.231
80,Truman,Hearle,thearle27@fotki.com,Male,154.115.241.73
81,Perren,Janzen,pjanzen28@mayoclinic.com,Genderqueer,64.48.12.247
82,Cy,Bridges,cbridges29@ed.gov,Male,161.39.90.100
83,Lamont,Forrestall,lforrestall2a@arstechnica.com,Male,128.103.151.171
84,Pavla,Beste,pbeste2b@forbes.com,Female,68.69.150.51
85,Mike,Sighard,msighard2c@php.net,Male,66.29.86.41
86,Zedekiah,Demcik,zdemcik2d@last.fm,Male,172.26.9.170
87,Nathanael,Rumble,nrumble2e@admin.ch,Male,152.68.120.63
88,Jarrad,Skettles,jskettles2f@privacy.gov.au,Male,250.0.160.132
89,Pat,Goldes,pgoldes2g@yandex.ru,Male,175.83.182.113
90,Dominique,Kean,dkean2h@examiner.com,Female,181.44.120.137
91,Row,Lehrian,rlehrian2i@washingtonpost.com,Female,136.104.155.176
92,Pierce,Trenaman,ptrenaman2j@imdb.com,Male,220.212.74.203
93,King,Fairnie,kfairnie2k@google.ru,Male,245.198.43.49
94,Budd,Hadye,bhadye2l@google.es,Male,54.45.37.20
95,Laurella,Pitkaithly,lpitkaithly2m@google.nl,Female,233.221.99.6
96,Fraze,Scini,fscini2n@senate.gov,Male,16.178.218.242
97,Tammy,Lord,tlord2o@sphinn.com,Male,82.240.42.98
98,Jackqueline,Burbridge,jburbridge2p@odnoklassniki.ru,Female,127.100.199.249
99,Prent,Pes,ppes2q@goo.ne.jp,Male,129.255.105.187
100,Amandie,Pietzner,apietzner2r@odnoklassniki.ru,Female,155.106.43.230
